<bpy>
  <Theme>
    <user_interface>
      <ThemeUserInterface
        menu_shadow_fac="1"
        menu_shadow_width="5"
        icon_alpha="1"
        icon_saturation="1"
        widget_emboss="#00000000"
        editor_border="#161616"
        editor_outline="#ff4d8415"
        editor_outline_active="#ffffff2a"
        widget_text_cursor="#e6539c"
        panel_roundness="0"
        panel_header="#2e3042f0"
        panel_title="#e6e6e6"
        panel_text="#e6e6e6"
        panel_back="#393149f0"
        panel_sub_back="#b9586e3e"
        panel_outline="#ffffff11"
        transparent_checker_primary="#666666"
        transparent_checker_secondary="#373737"
        transparent_checker_size="8"
        axis_x="#ff3352"
        axis_y="#8bdc00"
        axis_z="#2890ff"
        axis_w="#edba18"
        gizmo_hi="#ffffff"
        gizmo_primary="#f5f14d"
        gizmo_secondary="#63ffff"
        gizmo_view_align="#ffffff"
        gizmo_a="#4da84d"
        gizmo_b="#a33535"
        icon_scene="#e5e5e5ff"
        icon_collection="#666666ff"
        icon_object="#ee9e5dff"
        icon_object_data="#00ffc4ff"
        icon_modifier="#00a5ffff"
        icon_shading="#ff4d84ff"
        icon_folder="#ffbe93ff"
        icon_autokey="#ab3c48ff"
        icon_border_intensity="1"
        >
        <wcol_regular>
          <ThemeWidgetColors
            outline="#272c40ff"
            outline_sel="#202f42f0"
            inner="#3c2e3cff"
            inner_sel="#ff5a9fe6"
            item="#4c2e3aff"
            text="#cbc1d9"
            text_sel="#ffffff"
            show_shaded="FALSE"
            shadetop="0"
            shadedown="-5"
            roundness="0"
            >
          </ThemeWidgetColors>
        </wcol_regular>
        <wcol_tool>
          <ThemeWidgetColors
            outline="#373737ff"
            outline_sel="#202f42f0"
            inner="#2d364499"
            inner_sel="#b0587de6"
            item="#fffbf0ff"
            text="#d9eaff"
            text_sel="#99ffa4"
            show_shaded="TRUE"
            shadetop="12"
            shadedown="-7"
            roundness="0"
            >
          </ThemeWidgetColors>
        </wcol_tool>
        <wcol_toolbar_item>
          <ThemeWidgetColors
            outline="#373737ff"
            outline_sel="#202f42f0"
            inner="#2d364499"
            inner_sel="#a4426bff"
            item="#ffffff8f"
            text="#e6cad6"
            text_sel="#ffffff"
            show_shaded="TRUE"
            shadetop="0"
            shadedown="0"
            roundness="0"
            >
          </ThemeWidgetColors>
        </wcol_toolbar_item>
        <wcol_radio>
          <ThemeWidgetColors
            outline="#373737ff"
            outline_sel="#202f42f0"
            inner="#80284c4d"
            inner_sel="#b0587de6"
            item="#ffffffff"
            text="#e6e5e4"
            text_sel="#ffffff"
            show_shaded="FALSE"
            shadetop="5"
            shadedown="-5"
            roundness="0"
            >
          </ThemeWidgetColors>
        </wcol_radio>
        <wcol_text>
          <ThemeWidgetColors
            outline="#331e37ff"
            outline_sel="#202f42f0"
            inner="#0b1823ff"
            inner_sel="#775272ff"
            item="#517390ff"
            text="#e6d0dc"
            text_sel="#ffe8e6"
            show_shaded="TRUE"
            shadetop="-3"
            shadedown="0"
            roundness="0"
            >
          </ThemeWidgetColors>
        </wcol_text>
        <wcol_option>
          <ThemeWidgetColors
            outline="#333437ff"
            outline_sel="#202f42f0"
            inner="#424d60ff"
            inner_sel="#b0587dff"
            item="#6fff69ff"
            text="#708595"
            text_sel="#9dff93"
            show_shaded="FALSE"
            shadetop="0"
            shadedown="-15"
            roundness="0"
            >
          </ThemeWidgetColors>
        </wcol_option>
        <wcol_toggle>
          <ThemeWidgetColors
            outline="#373735ff"
            outline_sel="#202f42f0"
            inner="#3e4251b8"
            inner_sel="#b0587dff"
            item="#000000ff"
            text="#e6d5d3"
            text_sel="#ffecf5"
            show_shaded="FALSE"
            shadetop="0"
            shadedown="0"
            roundness="0"
            >
          </ThemeWidgetColors>
        </wcol_toggle>
        <wcol_num>
          <ThemeWidgetColors
            outline="#a64e84ff"
            outline_sel="#202f42f0"
            inner="#33324fff"
            inner_sel="#3d639bff"
            item="#db386ce6"
            text="#e6e5d7"
            text_sel="#fdf1ff"
            show_shaded="FALSE"
            shadetop="0"
            shadedown="0"
            roundness="0"
            >
          </ThemeWidgetColors>
        </wcol_num>
        <wcol_numslider>
          <ThemeWidgetColors
            outline="#a64e84ff"
            outline_sel="#202f42f0"
            inner="#2d364499"
            inner_sel="#3d639bff"
            item="#db386ce6"
            text="#e5e5e5"
            text_sel="#ffffff"
            show_shaded="TRUE"
            shadetop="-4"
            shadedown="0"
            roundness="0.001"
            >
          </ThemeWidgetColors>
        </wcol_numslider>
        <wcol_box>
          <ThemeWidgetColors
            outline="#442a33ff"
            outline_sel="#202f42f0"
            inner="#00000033"
            inner_sel="#ff8500ff"
            item="#66604dff"
            text="#ffffff"
            text_sel="#ffffff"
            show_shaded="FALSE"
            shadetop="0"
            shadedown="0"
            roundness="0"
            >
          </ThemeWidgetColors>
        </wcol_box>
        <wcol_menu>
          <ThemeWidgetColors
            outline="#d43165ff"
            outline_sel="#202f42f0"
            inner="#422442ff"
            inner_sel="#372c48ff"
            item="#ffeaecff"
            text="#ffeae1"
            text_sel="#ffffff"
            show_shaded="FALSE"
            shadetop="10"
            shadedown="-10"
            roundness="0"
            >
          </ThemeWidgetColors>
        </wcol_menu>
        <wcol_pulldown>
          <ThemeWidgetColors
            outline="#4d4442ff"
            outline_sel="#3d3d3d00"
            inner="#283240cc"
            inner_sel="#a4426bff"
            item="#22c6ffff"
            text="#d9d9d9"
            text_sel="#ffffff"
            show_shaded="FALSE"
            shadetop="25"
            shadedown="-20"
            roundness="0"
            >
          </ThemeWidgetColors>
        </wcol_pulldown>
        <wcol_menu_back>
          <ThemeWidgetColors
            outline="#19191aff"
            outline_sel="#242424ff"
            inner="#28262fef"
            inner_sel="#ff7e1d00"
            item="#726e3aff"
            text="#85ce86"
            text_sel="#ffffff"
            show_shaded="FALSE"
            shadetop="25"
            shadedown="-20"
            roundness="0"
            >
          </ThemeWidgetColors>
        </wcol_menu_back>
        <wcol_pie_menu>
          <ThemeWidgetColors
            outline="#c07493ff"
            outline_sel="#242424ff"
            inner="#222f42ff"
            inner_sel="#d480afe6"
            item="#cc6691ff"
            text="#ff9ac3"
            text_sel="#c4ff9a"
            show_shaded="FALSE"
            shadetop="10"
            shadedown="-10"
            roundness="0.432099"
            >
          </ThemeWidgetColors>
        </wcol_pie_menu>
        <wcol_tooltip>
          <ThemeWidgetColors
            outline="#191a19ff"
            outline_sel="#242424ff"
            inner="#19191aef"
            inner_sel="#a4426bff"
            item="#1a1919ef"
            text="#e5e5e5"
            text_sel="#ffffff"
            show_shaded="FALSE"
            shadetop="25"
            shadedown="-20"
            roundness="1"
            >
          </ThemeWidgetColors>
        </wcol_tooltip>
        <wcol_menu_item>
          <ThemeWidgetColors
            outline="#00000000"
            outline_sel="#3d3d3d00"
            inner="#4f1a3900"
            inner_sel="#ab566fbf"
            item="#ffeed18f"
            text="#e6dfcb"
            text_sel="#9dff93"
            show_shaded="FALSE"
            shadetop="38"
            shadedown="0"
            roundness="0"
            >
          </ThemeWidgetColors>
        </wcol_menu_item>
        <wcol_scroll>
          <ThemeWidgetColors
            outline="#262339ff"
            outline_sel="#202f42f0"
            inner="#e36eb200"
            inner_sel="#ff7fb5ff"
            item="#345067ff"
            text="#e5e5e5"
            text_sel="#ffffff"
            show_shaded="FALSE"
            shadetop="5"
            shadedown="-5"
            roundness="0"
            >
          </ThemeWidgetColors>
        </wcol_scroll>
        <wcol_progress>
          <ThemeWidgetColors
            outline="#33324fff"
            outline_sel="#202f42f0"
            inner="#0a1722ff"
            inner_sel="#ffbe8bff"
            item="#ac3878ff"
            text="#e5e5e5"
            text_sel="#ffffff"
            show_shaded="FALSE"
            shadetop="0"
            shadedown="0"
            roundness="0"
            >
          </ThemeWidgetColors>
        </wcol_progress>
        <wcol_list_item>
          <ThemeWidgetColors
            outline="#2b2b2bff"
            outline_sel="#2d2d2dff"
            inner="#6f3d6d00"
            inner_sel="#a4426bff"
            item="#b3abadff"
            text="#e6dbe1"
            text_sel="#ffeaec"
            show_shaded="FALSE"
            shadetop="0"
            shadedown="0"
            roundness="0"
            >
          </ThemeWidgetColors>
        </wcol_list_item>
        <wcol_state>
          <ThemeWidgetStateColors
            error="#771111ff"
            warning="#ac8737ff"
            info="#28487dff"
            success="#188625ff"
            inner_anim="#53992e"
            inner_anim_sel="#38a600"
            inner_key="#b3ae36"
            inner_key_sel="#b29700"
            inner_driven="#9000cc"
            inner_driven_sel="#9900e6"
            inner_overridden="#00c3c3"
            inner_overridden_sel="#118f8f"
            inner_changed="#cc7529"
            inner_changed_sel="#d26400"
            blend="0.5"
            >
          </ThemeWidgetStateColors>
        </wcol_state>
        <wcol_tab>
          <ThemeWidgetColors
            outline="#131b26ff"
            outline_sel="#1d1d1dff"
            inner="#221d3899"
            inner_sel="#a4426bff"
            item="#2d2522ff"
            text="#988e8f"
            text_sel="#e5e5e5"
            show_shaded="FALSE"
            shadetop="0"
            shadedown="0"
            roundness="0"
            >
          </ThemeWidgetColors>
        </wcol_tab>
      </ThemeUserInterface>
    </user_interface>
    <common>
      <ThemeCommon>
        <anim>
          <ThemeCommonAnim
            playhead="#d43165"
            preview_range="#a14d0066"
            time_marker="#0082ff40"
            time_marker_selected="#00a5ffff"
            channel="#194e8080"
            channel_sub="#0f2c4d80"
            channel_group="#1a332d37"
            channel_group_active="#216d5b67"
            >
          </ThemeCommonAnim>
        </anim>
        <curves>
          <ThemeCommonCurves
            handle_free="#000000"
            handle_sel_free="#000000"
            handle_auto="#909000"
            handle_sel_auto="#f0ff40"
            handle_vect="#409030"
            handle_sel_vect="#40c030"
            handle_align="#803060"
            handle_sel_align="#f090a0"
            handle_auto_clamped="#994030"
            handle_sel_auto_clamped="#f0af90"
            handle_vertex="#000000"
            handle_vertex_select="#ff8500"
            handle_vertex_size="5"
            >
          </ThemeCommonCurves>
        </curves>
      </ThemeCommon>
    </common>
    <view_3d>
      <ThemeView3D
        grid="#6666664d"
        clipping_border_3d="#312f2eff"
        wire="#000000"
        wire_edit="#000000"
        edge_width="1"
        gp_vertex="#000000"
        gp_vertex_select="#ff740c"
        gp_vertex_size="3"
        text_grease_pencil="#b5e61d"
        object_selected="#ff7e1d"
        object_active="#25ff00"
        text_keyframe="#ddd700"
        camera="#000000"
        empty="#000000"
        light="#00000050"
        speaker="#000000"
        vertex="#000000"
        vertex_select="#ff740c"
        vertex_size="5"
        vertex_bevel="#00a5ff"
        vertex_unreferenced="#000000"
        edge_select="#ff9900"
        edge_mode_select="#ffd800"
        edge_seam="#db2512"
        edge_sharp="#00ffc4"
        edge_crease="#cc0099"
        edge_bevel="#00a5ff"
        edge_facesel="#4b4b4b"
        freestyle_edge_mark="#7fff7f"
        face="#ffffff07"
        face_select="#ffa30033"
        face_mode_select="#ffb70033"
        face_dot="#ff7e1d"
        facedot_size="3"
        freestyle_face_mark="#7fff7f4d"
        face_retopology="#50c8ff0f"
        face_back="#ff0000b3"
        face_front="#0000ffb3"
        extra_edge_len="#150806"
        extra_edge_angle="#4d4d00"
        extra_face_angle="#ffffff"
        extra_face_area="#ff00ff"
        editmesh_active="#ffffff30"
        normal="#22dddd"
        vertex_normal="#2361dd"
        split_normal="#dd23dd"
        nurb_uline="#909000"
        nurb_vline="#803060"
        nurb_sel_uline="#f0ff40"
        nurb_sel_vline="#f090a0"
        act_spline="#db2512"
        lastsel_point="#ffffff"
        bone_pose="#50c8ff"
        bone_pose_active="#8cffff"
        bone_solid="#b2b2b2"
        bone_locked_weight="#ff000080"
        before_current_frame="#f22e23"
        after_current_frame="#78f244"
        bundle_solid="#c3c3c3"
        camera_path="#000000"
        camera_passepartout="#000000"
        skin_root="#b44d4d"
        view_overlay="#000000"
        transform="#ffffff"
        paint_curve_handle="#7fff7f7f"
        paint_curve_pivot="#ff7f7f7f"
        outline_width="1"
        object_origin_size="4"
        >
        <space_region>
          <ThemeSpaceRegionGeneric
            button="#21304400"
            tab_back="#232134ff"
            >
          </ThemeSpaceRegionGeneric>
        </space_region>
        <space>
          <ThemeSpaceGradient
            title="#eeeeee"
            text="#e5e5e5"
            text_hi="#ffffff"
            header="#262339ff"
            header_text="#eeeeee"
            header_text_hi="#ffffff"
            >
            <gradients>
              <ThemeGradientColors
                background_type="RADIAL"
                high_gradient="#403f40"
                gradient="#232134"
                >
              </ThemeGradientColors>
            </gradients>
          </ThemeSpaceGradient>
        </space>
      </ThemeView3D>
    </view_3d>
    <graph_editor>
      <ThemeGraphEditor
        grid="#312e53"
        time_scrub_background="#1d113183"
        window_sliders="#969584"
        channels_region="#623045"
        vertex="#24551f"
        vertex_select="#ff740c"
        vertex_active="#ffffff"
        vertex_size="6"
        vertex_bevel="#000000"
        vertex_unreferenced="#000000"
        >
        <space>
          <ThemeSpaceGeneric
            back="#1d2134"
            title="#ffffff"
            text="#a8b3bf"
            text_hi="#ffffff"
            header="#232134ff"
            header_text="#eeeeee"
            header_text_hi="#ffffff"
            >
          </ThemeSpaceGeneric>
        </space>
        <space_list>
          <ThemeSpaceListGeneric
            list="#131327"
            list_title="#ffffff"
            list_text="#b8b8b8"
            list_text_hi="#ffaf29"
            >
          </ThemeSpaceListGeneric>
        </space_list>
        <space_region>
          <ThemeSpaceRegionGeneric
            button="#213044ff"
            tab_back="#222f42ff"
            >
          </ThemeSpaceRegionGeneric>
        </space_region>
      </ThemeGraphEditor>
    </graph_editor>
    <file_browser>
      <ThemeFileBrowser
        selected_file="#802d4f"
        row_alternate="#ffffff07"
        >
        <space>
          <ThemeSpaceGeneric
            back="#222f42"
            title="#ffffff"
            text="#e5e5e5"
            text_hi="#ffffff"
            header="#232134ff"
            header_text="#eeeeee"
            header_text_hi="#ffffff"
            >
          </ThemeSpaceGeneric>
        </space>
        <space_region>
          <ThemeSpaceRegionGeneric
            button="#213044ff"
            tab_back="#222f42ff"
            >
          </ThemeSpaceRegionGeneric>
        </space_region>
      </ThemeFileBrowser>
    </file_browser>
    <nla_editor>
      <ThemeNLAEditor
        grid="#2d4262"
        view_sliders="#969696"
        nla_track="#262339"
        active_action="#a4426b66"
        active_action_unset="#4224422f"
        strips="#592645"
        strips_selected="#ff7e1d"
        transition_strips="#1c2630"
        transition_strips_selected="#00a5ff"
        meta_strips="#332642"
        meta_strips_selected="#692196"
        sound_strips="#2b3d3d"
        sound_strips_selected="#1f7a7a"
        tweak="#a4426b"
        tweak_duplicate="#367532"
        keyframe_border="#000000ff"
        keyframe_border_selected="#000000ff"
        time_scrub_background="#292947e6"
        >
        <space>
          <ThemeSpaceGeneric
            back="#162d3c"
            title="#ffffff"
            text="#a8b3bf"
            text_hi="#ffffff"
            header="#26233900"
            header_text="#eeeeee"
            header_text_hi="#ffffff"
            >
          </ThemeSpaceGeneric>
        </space>
        <space_list>
          <ThemeSpaceListGeneric
            list="#16162d"
            list_title="#ffffff"
            list_text="#b8b8b8"
            list_text_hi="#ffaf29"
            >
          </ThemeSpaceListGeneric>
        </space_list>
        <space_region>
          <ThemeSpaceRegionGeneric
            button="#213044ff"
            tab_back="#222f42ff"
            >
          </ThemeSpaceRegionGeneric>
        </space_region>
      </ThemeNLAEditor>
    </nla_editor>
    <dopesheet_editor>
      <ThemeDopeSheet
        grid="#2d4262"
        time_scrub_background="#292947e6"
        value_sliders="#000000"
        view_sliders="#c0afb6"
        channels="#562a3d65"
        channels_selected="#913d60e2"
        long_key="#1a151580"
        long_key_selected="#ff8c00cc"
        keyframe="#e5e5e5"
        keyframe_selected="#ffbe33"
        keyframe_extreme="#e8b3cc"
        keyframe_extreme_selected="#f28080"
        keyframe_breakdown="#b3dbe8"
        keyframe_breakdown_selected="#54bfed"
        keyframe_jitter="#94e575"
        keyframe_jitter_selected="#60c040"
        keyframe_movehold="#5c5656"
        keyframe_movehold_selected="#ffaf23"
        keyframe_generated="#585858"
        keyframe_generated_selected="#a28962"
        keyframe_border="#000000ff"
        keyframe_border_selected="#000000ff"
        keyframe_scale_factor="1"
        summary="#4d250066"
        interpolation_line="#94e575cc"
        simulated_frames="#721e65ff"
        >
        <space>
          <ThemeSpaceGeneric
            back="#162d3c"
            title="#eeeeee"
            text="#a8b3bf"
            text_hi="#ffffff"
            header="#262339ff"
            header_text="#eeeeee"
            header_text_hi="#ffffff"
            >
          </ThemeSpaceGeneric>
        </space>
        <space_list>
          <ThemeSpaceListGeneric
            list="#16162d"
            list_title="#ffffff"
            list_text="#b8b8b8"
            list_text_hi="#ffaf29"
            >
          </ThemeSpaceListGeneric>
        </space_list>
        <space_region>
          <ThemeSpaceRegionGeneric
            button="#22222200"
            tab_back="#222f42ff"
            >
          </ThemeSpaceRegionGeneric>
        </space_region>
      </ThemeDopeSheet>
    </dopesheet_editor>
    <image_editor>
      <ThemeImageEditor
        grid="#4b4b4bff"
        vertex="#272c40"
        vertex_select="#ff740c"
        vertex_size="2"
        vertex_bevel="#000000"
        vertex_unreferenced="#000000"
        face="#acacac59"
        face_select="#b59d6d59"
        face_mode_select="#00000000"
        face_dot="#796c67"
        facedot_size="2"
        freestyle_face_mark="#7fff7f33"
        face_retopology="#00000000"
        face_back="#00000000"
        face_front="#00000000"
        editmesh_active="#f9c46b59"
        wire_edit="#8c9377"
        edge_width="1"
        edge_select="#ff613d"
        scope_back="#26262640"
        preview_stitch_face="#7f7f0033"
        preview_stitch_edge="#ff00ff33"
        preview_stitch_vert="#0000ff33"
        preview_stitch_stitchable="#25ff00ff"
        preview_stitch_unstitchable="#ff0000ff"
        preview_stitch_active="#e1d2c323"
        uv_shadow="#0a1722ff"
        metadatabg="#000000"
        metadatatext="#ffffff"
        paint_curve_handle="#7fff7f7f"
        paint_curve_pivot="#ff7f7f7f"
        >
        <space>
          <ThemeSpaceGeneric
            back="#272c40"
            title="#dfe0ee"
            text="#dde6e4"
            text_hi="#ffffff"
            header="#232134ff"
            header_text="#eee2eb"
            header_text_hi="#ffffff"
            >
          </ThemeSpaceGeneric>
        </space>
        <space_region>
          <ThemeSpaceRegionGeneric
            button="#21304400"
            tab_back="#222f42ff"
            >
          </ThemeSpaceRegionGeneric>
        </space_region>
      </ThemeImageEditor>
    </image_editor>
    <sequence_editor>
      <ThemeSequenceEditor
        grid="#312e53"
        window_sliders="#9fa09c"
        movie_strip="#4d6890"
        movieclip_strip="#8f4c4c"
        image_strip="#8f744b"
        scene_strip="#828f50"
        audio_strip="#4c8f8f"
        effect_strip="#514a73"
        transition_strip="#50458f"
        color_strip="#8f8f8f"
        meta_strip="#5b4d91"
        mask_strip="#666666"
        text_strip="#824c8f"
        active_strip="#53ff29"
        selected_strip="#ff7e1d"
        time_scrub_background="#191b2ab5"
        keyframe="#bfbfbf"
        keyframe_selected="#ffbe33"
        keyframe_breakdown="#b3dbe8"
        keyframe_breakdown_selected="#54bfed"
        keyframe_movehold="#808080"
        keyframe_movehold_selected="#ffaf23"
        keyframe_generated="#000000"
        keyframe_generated_selected="#000000"
        keyframe_border="#000000ff"
        keyframe_border_selected="#000000ff"
        draw_action="#50c8ff"
        preview_back="#000000"
        metadatabg="#000000"
        metadatatext="#ffffff"
        row_alternate="#212235dd"
        text_strip_cursor="#71a8ffff"
        selected_text="#ffffff4d"
        >
        <space>
          <ThemeSpaceGeneric
            back="#1c1e2f"
            title="#22303f"
            text="#a8b3bf"
            text_hi="#ffffff"
            header="#2b2438ff"
            header_text="#eeeeee"
            header_text_hi="#ffffff"
            >
          </ThemeSpaceGeneric>
        </space>
        <space_list>
          <ThemeSpaceListGeneric
            list="#1f172d"
            list_title="#ffffff"
            list_text="#ffffff"
            list_text_hi="#ffffff"
            >
          </ThemeSpaceListGeneric>
        </space_list>
        <space_region>
          <ThemeSpaceRegionGeneric
            button="#213044ff"
            tab_back="#222f42ff"
            >
          </ThemeSpaceRegionGeneric>
        </space_region>
      </ThemeSequenceEditor>
    </sequence_editor>
    <properties>
      <ThemeProperties
        match="#2d593d"
        active_modifier="#a4426bff"
        >
        <space>
          <ThemeSpaceGeneric
            back="#2e3042"
            title="#d3d3d3"
            text="#e5e5e5"
            text_hi="#ffffff"
            header="#2c2742ff"
            header_text="#eeeeee"
            header_text_hi="#ffffff"
            >
          </ThemeSpaceGeneric>
        </space>
        <space_region>
          <ThemeSpaceRegionGeneric
            button="#213044ff"
            tab_back="#222f42ff"
            >
          </ThemeSpaceRegionGeneric>
        </space_region>
      </ThemeProperties>
    </properties>
    <text_editor>
      <ThemeTextEditor
        line_numbers="#d3d3d3"
        line_numbers_background="#222f42"
        selected_text="#517390"
        cursor="#71a8ff"
        syntax_builtin="#ff1961"
        syntax_symbols="#ff734d"
        syntax_special="#95d600"
        syntax_preprocessor="#9b80ff"
        syntax_reserved="#c4753b"
        syntax_comment="#969696"
        syntax_string="#f6e162"
        syntax_numbers="#50c8ff"
        >
        <space>
          <ThemeSpaceGeneric
            back="#0a1722"
            title="#eeeeee"
            text="#e5e5e5"
            text_hi="#ffffff"
            header="#18253800"
            header_text="#eeeeee"
            header_text_hi="#ffffff"
            >
          </ThemeSpaceGeneric>
        </space>
        <space_region>
          <ThemeSpaceRegionGeneric
            button="#213044ff"
            tab_back="#222f42ff"
            >
          </ThemeSpaceRegionGeneric>
        </space_region>
      </ThemeTextEditor>
    </text_editor>
    <node_editor>
      <ThemeNodeEditor
        grid="#3a384f"
        node_selected="#ff7e1d"
        node_active="#25ff00"
        wire="#232323ff"
        wire_inner="#49afe0"
        wire_select="#ffff00b3"
        selected_text="#7f7070"
        node_backdrop="#35475aff"
        converter_node="#49799c"
        color_node="#71744e"
        group_node="#426628"
        group_socket_node="#2a3540"
        frame_node="#1a1a1acc"
        matte_node="#975b5b"
        distor_node="#749797"
        noodle_curving="5"
        grid_levels="2"
        dash_alpha="0.5"
        input_node="#7c4658"
        output_node="#653545"
        filter_node="#584d80"
        vector_node="#5e5e9c"
        texture_node="#7c6152"
        shader_node="#377b6b"
        script_node="#084d4d"
        pattern_node="#666666"
        layout_node="#727272"
        geometry_node="#208178"
        attribute_node="#3f5980"
        simulation_zone="#66416233"
        repeat_zone="#76512f33"
        foreach_geometry_element_zone="#33527f33"
        closure_zone="#7d7d3a33"
        >
        <space>
          <ThemeSpaceGeneric
            back="#252433"
            title="#eeeeee"
            text="#e5e5e5"
            text_hi="#ffffff"
            header="#232134ff"
            header_text="#eeeeee"
            header_text_hi="#ffffff"
            >
          </ThemeSpaceGeneric>
        </space>
        <space_region>
          <ThemeSpaceRegionGeneric
            button="#21304400"
            tab_back="#222f42ff"
            >
          </ThemeSpaceRegionGeneric>
        </space_region>
        <space_list>
          <ThemeSpaceListGeneric
            list="#353432"
            list_title="#ffffff"
            list_text="#cccccc"
            list_text_hi="#ffffff"
            >
          </ThemeSpaceListGeneric>
        </space_list>
      </ThemeNodeEditor>
    </node_editor>
    <outliner>
      <ThemeOutliner
        match="#337f33"
        selected_highlight="#592645"
        active="#a4426b"
        selected_object="#ff613d"
        active_object="#53ff29"
        edited_object="#00806266"
        row_alternate="#ffffff07"
        >
        <space>
          <ThemeSpaceGeneric
            back="#222f42"
            title="#fcfdff"
            text="#c3c3c3"
            text_hi="#ffffff"
            header="#222f42ff"
            header_text="#eeeeee"
            header_text_hi="#ffffff"
            >
          </ThemeSpaceGeneric>
        </space>
      </ThemeOutliner>
    </outliner>
    <info>
      <ThemeInfo
        info_selected="#883d62"
        info_selected_text="#ffffff"
        info_error_text="#ffffff"
        info_warning_text="#ffffff"
        info_info_text="#ffffff"
        info_debug="#6b3293ff"
        info_debug_text="#ffffff"
        info_property="#329364ff"
        info_property_text="#ffffff"
        info_operator="#329364ff"
        info_operator_text="#ffffff"
        >
        <space>
          <ThemeSpaceGeneric
            back="#222f42"
            title="#ffffff"
            text="#c3c3c3"
            text_hi="#ffffff"
            header="#26233900"
            header_text="#eeeeee"
            header_text_hi="#ffffff"
            >
          </ThemeSpaceGeneric>
        </space>
      </ThemeInfo>
    </info>
    <preferences>
      <ThemePreferences>
        <space>
          <ThemeSpaceGeneric
            back="#272c40"
            title="#eeeeee"
            text="#e5e5e5"
            text_hi="#ffeae1"
            header="#26233900"
            header_text="#eeeeee"
            header_text_hi="#ffffff"
            >
          </ThemeSpaceGeneric>
        </space>
        <space_region>
          <ThemeSpaceRegionGeneric
            button="#213044ff"
            tab_back="#213044ff"
            >
          </ThemeSpaceRegionGeneric>
        </space_region>
      </ThemePreferences>
    </preferences>
    <console>
      <ThemeConsole
        line_output="#71a8ff"
        line_input="#eeeeee"
        line_info="#95d600"
        line_error="#ff4d84"
        cursor="#71a8ff"
        select="#ffffff30"
        >
        <space>
          <ThemeSpaceGeneric
            back="#0a1722"
            title="#eeeeee"
            text="#e5e5e5"
            text_hi="#ffffff"
            header="#26233900"
            header_text="#eeeeee"
            header_text_hi="#ffffff"
            >
          </ThemeSpaceGeneric>
        </space>
      </ThemeConsole>
    </console>
    <clip_editor>
      <ThemeClipEditor
        grid="#312e53ff"
        marker_outline="#272b3f"
        marker="#7f7f00"
        active_marker="#ffffff"
        selected_marker="#ffff00"
        disabled_marker="#7f0000"
        locked_marker="#7f7f7f"
        path_before="#6a8a68"
        path_after="#70fc69"
        path_keyframe_before="#ffc4c4"
        path_keyframe_after="#c4c4ff"
        time_scrub_background="#292947e6"
        strips="#0c0a0a"
        strips_selected="#ff7e1d"
        metadatabg="#000000"
        metadatatext="#ffffff"
        >
        <space>
          <ThemeSpaceGeneric
            back="#162d3c"
            title="#eeeeee"
            text="#a8b3bf"
            text_hi="#ffffff"
            header="#1a2636ed"
            header_text="#eeeeee"
            header_text_hi="#ffffff"
            >
          </ThemeSpaceGeneric>
        </space>
        <space_list>
          <ThemeSpaceListGeneric
            list="#213044"
            list_title="#000000"
            list_text="#a0a0a0"
            list_text_hi="#ffffff"
            >
          </ThemeSpaceListGeneric>
        </space_list>
        <space_region>
          <ThemeSpaceRegionGeneric
            button="#213044ff"
            tab_back="#222f42ff"
            >
          </ThemeSpaceRegionGeneric>
        </space_region>
      </ThemeClipEditor>
    </clip_editor>
    <topbar>
      <ThemeTopBar>
        <space>
          <ThemeSpaceGeneric
            back="#0b1823"
            title="#00a5ff"
            text="#e5e5e5"
            text_hi="#ffffff"
            header="#ac3878ff"
            header_text="#eeeeee"
            header_text_hi="#ffffff"
            >
          </ThemeSpaceGeneric>
        </space>
      </ThemeTopBar>
    </topbar>
    <statusbar>
      <ThemeStatusBar>
        <space>
          <ThemeSpaceGeneric
            back="#df001c"
            title="#fff0ee"
            text="#7f7f7f"
            text_hi="#ffffff"
            header="#242432ff"
            header_text="#85ce86"
            header_text_hi="#ffffff"
            >
          </ThemeSpaceGeneric>
        </space>
      </ThemeStatusBar>
    </statusbar>
    <spreadsheet>
      <ThemeSpreadsheet
        row_alternate="#ffffff07"
        >
        <space>
          <ThemeSpaceGeneric
            back="#222f42"
            title="#fcfdff"
            text="#c3c3c3"
            text_hi="#ffffff"
            header="#222f42ff"
            header_text="#eeeeee"
            header_text_hi="#ffffff"
            >
          </ThemeSpaceGeneric>
        </space>
        <space_region>
          <ThemeSpaceRegionGeneric
            button="#213044ff"
            tab_back="#222f42ff"
            >
          </ThemeSpaceRegionGeneric>
        </space_region>
      </ThemeSpreadsheet>
    </spreadsheet>
    <asset_shelf>
      <ThemeAssetShelf
        header_back="#1d1d1dff"
        back="#213044ff"
        >
      </ThemeAssetShelf>
    </asset_shelf>
    <bone_color_sets>
      <ThemeBoneColorSet
        normal="#752727"
        select="#b55436"
        active="#70a324"
        show_colored_constraints="TRUE"
        >
      </ThemeBoneColorSet>
      <ThemeBoneColorSet
        normal="#c06551"
        select="#d37a40"
        active="#71c61f"
        show_colored_constraints="TRUE"
        >
      </ThemeBoneColorSet>
      <ThemeBoneColorSet
        normal="#34702b"
        select="#918731"
        active="#55e029"
        show_colored_constraints="TRUE"
        >
      </ThemeBoneColorSet>
      <ThemeBoneColorSet
        normal="#3d4c71"
        select="#947a82"
        active="#54db67"
        show_colored_constraints="TRUE"
        >
      </ThemeBoneColorSet>
      <ThemeBoneColorSet
        normal="#884a5a"
        select="#c16c58"
        active="#78c24e"
        show_colored_constraints="TRUE"
        >
      </ThemeBoneColorSet>
      <ThemeBoneColorSet
        normal="#42275e"
        select="#956366"
        active="#5dbe5e"
        show_colored_constraints="TRUE"
        >
      </ThemeBoneColorSet>
      <ThemeBoneColorSet
        normal="#3a6456"
        select="#8b7f54"
        active="#54d450"
        show_colored_constraints="TRUE"
        >
      </ThemeBoneColorSet>
      <ThemeBoneColorSet
        normal="#57696f"
        select="#a38265"
        active="#67de62"
        show_colored_constraints="TRUE"
        >
      </ThemeBoneColorSet>
      <ThemeBoneColorSet
        normal="#bca547"
        select="#d69e4e"
        active="#72e122"
        show_colored_constraints="TRUE"
        >
      </ThemeBoneColorSet>
      <ThemeBoneColorSet
        normal="#202423"
        select="#83624a"
        active="#90ef7e"
        show_colored_constraints="TRUE"
        >
      </ThemeBoneColorSet>
      <ThemeBoneColorSet
        normal="#61405d"
        select="#b46c74"
        active="#68ac57"
        show_colored_constraints="TRUE"
        >
      </ThemeBoneColorSet>
      <ThemeBoneColorSet
        normal="#63743e"
        select="#a28738"
        active="#6ce840"
        show_colored_constraints="TRUE"
        >
      </ThemeBoneColorSet>
      <ThemeBoneColorSet
        normal="#8d8d8d"
        select="#cca281"
        active="#83f371"
        show_colored_constraints="TRUE"
        >
      </ThemeBoneColorSet>
      <ThemeBoneColorSet
        normal="#6b4c3e"
        select="#9c602b"
        active="#5cb51f"
        show_colored_constraints="TRUE"
        >
      </ThemeBoneColorSet>
      <ThemeBoneColorSet
        normal="#19281b"
        select="#6b4d1b"
        active="#40a435"
        show_colored_constraints="TRUE"
        >
      </ThemeBoneColorSet>
      <ThemeBoneColorSet
        normal="#000000"
        select="#000000"
        active="#000000"
        show_colored_constraints="FALSE"
        >
      </ThemeBoneColorSet>
      <ThemeBoneColorSet
        normal="#000000"
        select="#000000"
        active="#000000"
        show_colored_constraints="FALSE"
        >
      </ThemeBoneColorSet>
      <ThemeBoneColorSet
        normal="#000000"
        select="#000000"
        active="#000000"
        show_colored_constraints="FALSE"
        >
      </ThemeBoneColorSet>
      <ThemeBoneColorSet
        normal="#000000"
        select="#000000"
        active="#000000"
        show_colored_constraints="FALSE"
        >
      </ThemeBoneColorSet>
      <ThemeBoneColorSet
        normal="#000000"
        select="#000000"
        active="#000000"
        show_colored_constraints="FALSE"
        >
      </ThemeBoneColorSet>
    </bone_color_sets>
    <collection_color>
      <ThemeCollectionColor
        color="#e2605b"
        >
      </ThemeCollectionColor>
      <ThemeCollectionColor
        color="#f1a355"
        >
      </ThemeCollectionColor>
      <ThemeCollectionColor
        color="#f1dc55"
        >
      </ThemeCollectionColor>
      <ThemeCollectionColor
        color="#7bcc7b"
        >
      </ThemeCollectionColor>
      <ThemeCollectionColor
        color="#5db6ea"
        >
      </ThemeCollectionColor>
      <ThemeCollectionColor
        color="#8d59da"
        >
      </ThemeCollectionColor>
      <ThemeCollectionColor
        color="#c673b8"
        >
      </ThemeCollectionColor>
      <ThemeCollectionColor
        color="#7a5441"
        >
      </ThemeCollectionColor>
    </collection_color>
    <strip_color>
      <ThemeStripColor
        color="#e2605b"
        >
      </ThemeStripColor>
      <ThemeStripColor
        color="#f1a355"
        >
      </ThemeStripColor>
      <ThemeStripColor
        color="#f1dc55"
        >
      </ThemeStripColor>
      <ThemeStripColor
        color="#7bcc7b"
        >
      </ThemeStripColor>
      <ThemeStripColor
        color="#5db6ea"
        >
      </ThemeStripColor>
      <ThemeStripColor
        color="#8d59da"
        >
      </ThemeStripColor>
      <ThemeStripColor
        color="#c673b8"
        >
      </ThemeStripColor>
      <ThemeStripColor
        color="#7a5441"
        >
      </ThemeStripColor>
      <ThemeStripColor
        color="#5f5f5f"
        >
      </ThemeStripColor>
    </strip_color>
  </Theme>
  <ThemeStyle>
    <panel_title>
      <ThemeFontStyle
        points="13"
        character_weight="400"
        shadow="1"
        shadow_offset_x="0"
        shadow_offset_y="-1"
        shadow_alpha="0.5"
        shadow_value="0"
        >
      </ThemeFontStyle>
    </panel_title>
    <widget>
      <ThemeFontStyle
        points="12"
        character_weight="400"
        shadow="1"
        shadow_offset_x="0"
        shadow_offset_y="0"
        shadow_alpha="0.3"
        shadow_value="0"
        >
      </ThemeFontStyle>
    </widget>
    <tooltip>
      <ThemeFontStyle
        points="11"
        character_weight="400"
        shadow="1"
        shadow_offset_x="0"
        shadow_offset_y="-1"
        shadow_alpha="0.5"
        shadow_value="0"
        >
      </ThemeFontStyle>
    </tooltip>
  </ThemeStyle>
</bpy>
